Type,Lv.,Cumulative EXP,EXP until Next Lv.
Regular,1,0,100
Regular,2,100,200
Regular,3,300,400
Regular,4,700,600
Regular,5,1300,800
Regular,6,2100,1000
Regular,7,3100,1200
Regular,8,4300,1400
Regular,9,5700,1600
Regular,10,7300,1800
Regular,11,9100,2000
Regular,12,11100,2200
Regular,13,13300,2400
Regular,14,15700,2600
Regular,15,18300,2800
Regular,16,21100,3000
Regular,17,24100,3200
Regular,18,27300,3400
Regular,19,30700,3600
Regular,20,34300,3900
Regular,21,38200,4200
Regular,22,42400,4500
Regular,23,46900,4800
Regular,24,51700,5100
Regular,25,56800,5400
Regular,26,62200,5700
Regular,27,67900,6000
Regular,28,73900,6300
Regular,29,80200,6600
Regular,30,86800,6900
Regular,31,93700,7200
Regular,32,100900,7500
Regular,33,108400,7800
Regular,34,116200,8100
Regular,35,124300,8400
Regular,36,132700,8700
Regular,37,141400,9000
Regular,38,150400,9300
Regular,39,159700,9600
Regular,40,169300,10000
Regular,41,179300,10400
Regular,42,189700,10800
Regular,43,200500,11200
Regular,44,211700,11600
Regular,45,223300,12000
Regular,46,235300,12400
Regular,47,247700,12800
Regular,48,260500,13200
Regular,49,273700,13600
Regular,50,287300,14000
Regular,51,301300,14400
Regular,52,315700,14800
Regular,53,330500,15200
Regular,54,345700,15600
Regular,55,361300,16000
Regular,56,377300,16400
Regular,57,393700,16800
Regular,58,410500,17200
Regular,59,427700,17600
Regular,60,445300,18100
Regular,61,463400,18600
Regular,62,482000,19100
Regular,63,501100,19600
Regular,64,520700,20100
Regular,65,540800,20600
Regular,66,561400,21100
Regular,67,582500,21600
Regular,68,604100,22100
Regular,69,626200,22600
Regular,70,648800,23200
Regular,71,672000,23800
Regular,72,695800,24400
Regular,73,720200,25000
Regular,74,745200,25600
Regular,75,770800,26200
Regular,76,797000,26800
Regular,77,823800,27400
Regular,78,851200,28000
Regular,79,879200,28600
Regular,80,907800,29400
Regular,81,937200,30200
Regular,82,967400,31000
Regular,83,998400,31800
Regular,84,1030200,32600
Regular,85,1062800,33400
Regular,86,1096200,34200
Regular,87,1130400,35000
Regular,88,1165400,35800
Regular,89,1201200,36600
Regular,90,1237800,40000
Regular,91,1277800,50000
Regular,92,1327800,60000
Regular,93,1387800,70000
Regular,94,1457800,80000
Regular,95,1537800,90000
Regular,96,1627800,100000
Regular,97,1727800,100000
Regular,98,1827800,100000
Regular,99,1927800,0
Tantouwame,1,0,588
Tantouwame,2,588,717
Tantouwame,3,1305,889
Tantouwame,4,2194,1102
Tantouwame,5,3296,1357
Tantouwame,6,4653,1654
Tantouwame,7,6307,1993
Tantouwame,8,8300,2373
Tantouwame,9,10673,2795
Tantouwame,10,13468,3259
Tantouwame,11,16727,3764
Tantouwame,12,20491,4311
Tantouwame,13,24802,4900
Tantouwame,14,29702,5531
Tantouwame,15,35233,6203
Tantouwame,16,41436,6918
Tantouwame,17,48354,7673
Tantouwame,18,56027,8471
Tantouwame,19,64498,9310
Tantouwame,20,73808,10192
Tantouwame,21,84000,11114
Tantouwame,22,95114,12079
Tantouwame,23,107193,13085
Tantouwame,24,120278,14133
Tantouwame,25,134411,15223
Tantouwame,26,149634,16355
Tantouwame,27,165989,17528
Tantouwame,28,183517,18743
Tantouwame,29,202260,20000
Tantouwame,30,222260,84935
Tantouwame,31,307195,147140
Tantouwame,32,454335,206615
Tantouwame,33,660950,263360
Tantouwame,34,924310,317375
Tantouwame,35,1241685,368660
Tantouwame,36,1610345,417215
Tantouwame,37,2027560,463040
Tantouwame,38,2490600,506135
Tantouwame,39,2996735,546500
Tantouwame,40,3543235,584135
Tantouwame,41,4127370,619040
Tantouwame,42,4746410,651215
Tantouwame,43,5397625,680660
Tantouwame,44,6078285,707375
Tantouwame,45,6785660,731360
Tantouwame,46,7517020,752615
Tantouwame,47,8269635,771140
Tantouwame,48,9040775,786935
Tantouwame,49,9827710,800000
Tantouwame,50,10627710,801690
Tantouwame,51,11429400,803906
Tantouwame,52,12233306,806647
Tantouwame,53,13039953,809912
Tantouwame,54,13849865,813702
Tantouwame,55,14663567,818017
Tantouwame,56,15481584,822857
Tantouwame,57,16304441,828221
Tantouwame,58,17132662,834110
Tantouwame,59,17966772,840524
Tantouwame,60,18807296,847463
Tantouwame,61,19654759,854927
Tantouwame,62,20509686,862915
Tantouwame,63,21372601,871428
Tantouwame,64,22244029,880466
Tantouwame,65,23124495,890029
Tantouwame,66,24014524,900116
Tantouwame,67,24914640,910728
Tantouwame,68,25825368,921865
Tantouwame,69,26747233,933527
Tantouwame,70,27680760,945714
Tantouwame,71,28626474,958425
Tantouwame,72,29584899,971661
Tantouwame,73,30556560,985422
Tantouwame,74,31541982,999708
Tantouwame,75,32541690,1014518
Tantouwame,76,33556208,1029854
Tantouwame,77,34586062,1045714
Tantouwame,78,35631776,1062099
Tantouwame,79,36693875,1079008
Tantouwame,80,37772883,1096443
Tantouwame,81,38869326,1114402
Tantouwame,82,39983728,1132886
Tantouwame,83,41116614,1151895
Tantouwame,84,42268509,1171428
Tantouwame,85,43439937,1191486
Tantouwame,86,44631423,1212069
Tantouwame,87,45843492,1233177
Tantouwame,88,47076669,1254810
Tantouwame,89,48331479,1276967
Tantouwame,90,49608446,1299650
Tantouwame,91,50908096,1322857
Tantouwame,92,52230953,1346588
Tantouwame,93,53577541,1370845
Tantouwame,94,54948386,1395626
Tantouwame,95,56344012,1420932
Tantouwame,96,57764944,1446763
Tantouwame,97,59211707,1473119
Tantouwame,98,60684826,1500000
Tantouwame,99,62184826,1527406
Tantouwame,100,63712232,900000
Tantouwame,101,64612232,900173
Tantouwame,102,65512405,900384
Tantouwame,103,66412789,900632
Tantouwame,104,67313421,900919
Tantouwame,105,68214340,901244
Tantouwame,106,69115584,901607
Tantouwame,107,70017191,902008
Tantouwame,108,70919199,902446
Tantouwame,109,71821645,902923
Tantouwame,110,72724568,903438
Tantouwame,111,73628006,903991
Tantouwame,112,74531997,904582
Tantouwame,113,75436579,905211
Tantouwame,114,76341790,905877
Tantouwame,115,77247667,906582
Tantouwame,116,78154249,907325
Tantouwame,117,79061574,908106
Tantouwame,118,79969680,908925
Tantouwame,119,80878605,909781
Tantouwame,120,81788386,910676
Tantouwame,121,82699062,911609
Tantouwame,122,83610671,912580
Tantouwame,123,84523251,913589
Tantouwame,124,85436840,914635
Tantouwame,125,86351475,915720
Tantouwame,126,87267195,916843
Tantouwame,127,88184038,918004
Tantouwame,128,89102042,919203
Tantouwame,129,90021245,920439
Tantouwame,130,90941684,921714
Tantouwame,131,91863398,923027
Tantouwame,132,92786425,924378
Tantouwame,133,93710803,925767
Tantouwame,134,94636570,927193
Tantouwame,135,95563763,928658
Tantouwame,136,96492421,930161
Tantouwame,137,97422582,931702
Tantouwame,138,98354284,933281
Tantouwame,139,99287565,934898
Tantouwame,140,100222463,936552
Tantouwame,141,101159015,938245
Tantouwame,142,102097260,939976
Tantouwame,143,103037236,941745
Tantouwame,144,103978981,943552
Tantouwame,145,104922533,945396
Tantouwame,146,105867929,947279
Tantouwame,147,106815208,949200
Tantouwame,148,107764408,951159
Tantouwame,149,108715567,953156
Tantouwame,150,109668723,955190
Tantouwame,151,110623913,957263
Tantouwame,152,111581176,959374
Tantouwame,153,112540550,961523
Tantouwame,154,113502073,963710
Tantouwame,155,114465783,965934
Tantouwame,156,115431717,968197
Tantouwame,157,116399914,970498
Tantouwame,158,117370412,972837
Tantouwame,159,118343249,975214
Tantouwame,160,119318463,977628
Tantouwame,161,120296091,980081
Tantouwame,162,121276172,982572
Tantouwame,163,122258744,985101
Tantouwame,164,123243845,987668
Tantouwame,165,124231513,990273
Tantouwame,166,125221786,992915
Tantouwame,167,126214701,995596
Tantouwame,168,127210297,998315
Tantouwame,169,128208612,1001072
Tantouwame,170,129209684,1003867
Tantouwame,171,130213551,1006699
Tantouwame,172,131220250,1009570
Tantouwame,173,132229820,1012479
Tantouwame,174,133242299,1015426
Tantouwame,175,134257725,1018411
Tantouwame,176,135276136,1021433
Tantouwame,177,136297569,1024494
Tantouwame,178,137322063,1027593
Tantouwame,179,138349656,1030730
Tantouwame,180,139380386,1033905
Tantouwame,181,140414291,1037117
Tantouwame,182,141451408,1040368
Tantouwame,183,142491776,1043657
Tantouwame,184,143535433,1046984
Tantouwame,185,144582417,1050349
Tantouwame,186,145632766,1053751
Tantouwame,187,146686517,1057192
Tantouwame,188,147743709,1060671
Tantouwame,189,148804380,1064188
Tantouwame,190,149868568,1067743
Tantouwame,191,150936311,1071336
Tantouwame,192,152007647,1074966
Tantouwame,193,153082613,1078635
Tantouwame,194,154161248,1082342
Tantouwame,195,155243590,1086087
Tantouwame,196,156329677,1089870
Tantouwame,197,157419547,1093690
Tantouwame,198,158513237,1097549
Tantouwame,199,159610786,0
"Waki, Yari, Nagiwame",1,0,588
"Waki, Yari, Nagiwame",2,588,717
"Waki, Yari, Nagiwame",3,1305,889
"Waki, Yari, Nagiwame",4,2194,1102
"Waki, Yari, Nagiwame",5,3296,1357
"Waki, Yari, Nagiwame",6,4653,1654
"Waki, Yari, Nagiwame",7,6307,1993
"Waki, Yari, Nagiwame",8,8300,2373
"Waki, Yari, Nagiwame",9,10673,2795
"Waki, Yari, Nagiwame",10,13468,3259
"Waki, Yari, Nagiwame",11,16727,3764
"Waki, Yari, Nagiwame",12,20491,4311
"Waki, Yari, Nagiwame",13,24802,4900
"Waki, Yari, Nagiwame",14,29702,5531
"Waki, Yari, Nagiwame",15,35233,6203
"Waki, Yari, Nagiwame",16,41436,6918
"Waki, Yari, Nagiwame",17,48354,7673
"Waki, Yari, Nagiwame",18,56027,8471
"Waki, Yari, Nagiwame",19,64498,9310
"Waki, Yari, Nagiwame",20,73808,10192
"Waki, Yari, Nagiwame",21,84000,11114
"Waki, Yari, Nagiwame",22,95114,12079
"Waki, Yari, Nagiwame",23,107193,13085
"Waki, Yari, Nagiwame",24,120278,14133
"Waki, Yari, Nagiwame",25,134411,15223
"Waki, Yari, Nagiwame",26,149634,16355
"Waki, Yari, Nagiwame",27,165989,17528
"Waki, Yari, Nagiwame",28,183517,18743
"Waki, Yari, Nagiwame",29,202260,20000
"Waki, Yari, Nagiwame",30,222260,84935
"Waki, Yari, Nagiwame",31,307195,147140
"Waki, Yari, Nagiwame",32,454335,206615
"Waki, Yari, Nagiwame",33,660950,263360
"Waki, Yari, Nagiwame",34,924310,317375
"Waki, Yari, Nagiwame",35,1241685,529694
"Waki, Yari, Nagiwame",36,1771379,458937
"Waki, Yari, Nagiwame",37,2230316,509344
"Waki, Yari, Nagiwame",38,2739660,556748
"Waki, Yari, Nagiwame",39,3296408,601150
"Waki, Yari, Nagiwame",40,3897558,642549
"Waki, Yari, Nagiwame",41,4540107,680944
"Waki, Yari, Nagiwame",42,5221051,716336
"Waki, Yari, Nagiwame",43,5937387,748726
"Waki, Yari, Nagiwame",44,6686113,778113
"Waki, Yari, Nagiwame",45,7464226,804496
"Waki, Yari, Nagiwame",46,8268722,827876
"Waki, Yari, Nagiwame",47,9096598,848254
"Waki, Yari, Nagiwame",48,9944852,865629
"Waki, Yari, Nagiwame",49,10810481,880000
"Waki, Yari, Nagiwame",50,11690481,881859
"Waki, Yari, Nagiwame",51,12572340,884296
"Waki, Yari, Nagiwame",52,13456636,887312
"Waki, Yari, Nagiwame",53,14343948,890903
"Waki, Yari, Nagiwame",54,15234851,895072
"Waki, Yari, Nagiwame",55,16129923,899819
"Waki, Yari, Nagiwame",56,17029742,905143
"Waki, Yari, Nagiwame",57,17934885,911043
"Waki, Yari, Nagiwame",58,18845928,917521
"Waki, Yari, Nagiwame",59,19763449,924576
"Waki, Yari, Nagiwame",60,20688025,932210
"Waki, Yari, Nagiwame",61,21620235,940419
"Waki, Yari, Nagiwame",62,22560654,949207
"Waki, Yari, Nagiwame",63,23509861,958571
"Waki, Yari, Nagiwame",64,24468432,968512
"Waki, Yari, Nagiwame",65,25436944,979032
"Waki, Yari, Nagiwame",66,26415976,990128
"Waki, Yari, Nagiwame",67,27406104,1001800
"Waki, Yari, Nagiwame",68,28407904,1014052
"Waki, Yari, Nagiwame",69,29421956,1026880
"Waki, Yari, Nagiwame",70,30448836,1040285
"Waki, Yari, Nagiwame",71,31489121,1054268
"Waki, Yari, Nagiwame",72,32543389,1068827
"Waki, Yari, Nagiwame",73,33612216,1083964
"Waki, Yari, Nagiwame",74,34696180,1099679
"Waki, Yari, Nagiwame",75,35795859,1115970
"Waki, Yari, Nagiwame",76,36911829,1132839
"Waki, Yari, Nagiwame",77,38044668,1150285
"Waki, Yari, Nagiwame",78,39194953,1168309
"Waki, Yari, Nagiwame",79,40363262,1186909
"Waki, Yari, Nagiwame",80,41550171,1206087
"Waki, Yari, Nagiwame",81,42756258,1225843
"Waki, Yari, Nagiwame",82,43982101,1246174
"Waki, Yari, Nagiwame",83,45228275,1267085
"Waki, Yari, Nagiwame",84,46495360,1288570
"Waki, Yari, Nagiwame",85,47783930,1310635
"Waki, Yari, Nagiwame",86,49094565,1333276
"Waki, Yari, Nagiwame",87,50427841,1356495
"Waki, Yari, Nagiwame",88,51784336,1380291
"Waki, Yari, Nagiwame",89,53164627,1404663
"Waki, Yari, Nagiwame",90,54569290,1429615
"Waki, Yari, Nagiwame",91,55998905,1455143
"Waki, Yari, Nagiwame",92,57454048,1481247
"Waki, Yari, Nagiwame",93,58935295,1507929
"Waki, Yari, Nagiwame",94,60443224,1535189
"Waki, Yari, Nagiwame",95,61978413,1563025
"Waki, Yari, Nagiwame",96,63541438,1591440
"Waki, Yari, Nagiwame",97,65132878,1620430
"Waki, Yari, Nagiwame",98,66753308,1650001
"Waki, Yari, Nagiwame",99,68403309,1680148
"Waki, Yari, Nagiwame",100,70083457,900000
"Waki, Yari, Nagiwame",101,70983457,900173
"Waki, Yari, Nagiwame",102,71883630,900384
"Waki, Yari, Nagiwame",103,72784014,900632
"Waki, Yari, Nagiwame",104,73684646,900919
"Waki, Yari, Nagiwame",105,74585565,901244
"Waki, Yari, Nagiwame",106,75486809,901607
"Waki, Yari, Nagiwame",107,76388416,902008
"Waki, Yari, Nagiwame",108,77290424,902446
"Waki, Yari, Nagiwame",109,78192870,902923
"Waki, Yari, Nagiwame",110,79095793,903438
"Waki, Yari, Nagiwame",111,79999231,903991
"Waki, Yari, Nagiwame",112,80903222,904582
"Waki, Yari, Nagiwame",113,81807804,905211
"Waki, Yari, Nagiwame",114,82713015,905877
"Waki, Yari, Nagiwame",115,83618892,906582
"Waki, Yari, Nagiwame",116,84525474,907325
"Waki, Yari, Nagiwame",117,85432799,908106
"Waki, Yari, Nagiwame",118,86340905,908925
"Waki, Yari, Nagiwame",119,87249830,909781
"Waki, Yari, Nagiwame",120,88159611,910676
"Waki, Yari, Nagiwame",121,89070287,911609
"Waki, Yari, Nagiwame",122,89981896,912580
"Waki, Yari, Nagiwame",123,90894476,913589
"Waki, Yari, Nagiwame",124,91808065,914635
"Waki, Yari, Nagiwame",125,92722700,915720
"Waki, Yari, Nagiwame",126,93638420,916843
"Waki, Yari, Nagiwame",127,94555263,918004
"Waki, Yari, Nagiwame",128,95473267,919203
"Waki, Yari, Nagiwame",129,96392470,920439
"Waki, Yari, Nagiwame",130,97312909,921714
"Waki, Yari, Nagiwame",131,98234623,923027
"Waki, Yari, Nagiwame",132,99157650,924378
"Waki, Yari, Nagiwame",133,100082028,925767
"Waki, Yari, Nagiwame",134,101007795,927193
"Waki, Yari, Nagiwame",135,101934988,928658
"Waki, Yari, Nagiwame",136,102863646,930161
"Waki, Yari, Nagiwame",137,103793807,931702
"Waki, Yari, Nagiwame",138,104725509,933281
"Waki, Yari, Nagiwame",139,105658790,934898
"Waki, Yari, Nagiwame",140,106593688,936552
"Waki, Yari, Nagiwame",141,107530240,938245
"Waki, Yari, Nagiwame",142,108468485,939976
"Waki, Yari, Nagiwame",143,109408461,941745
"Waki, Yari, Nagiwame",144,110350206,943552
"Waki, Yari, Nagiwame",145,111293758,945396
"Waki, Yari, Nagiwame",146,112239154,947279
"Waki, Yari, Nagiwame",147,113186433,949200
"Waki, Yari, Nagiwame",148,114135633,951159
"Waki, Yari, Nagiwame",149,115086792,953156
"Waki, Yari, Nagiwame",150,116039948,955190
"Waki, Yari, Nagiwame",151,116995138,957263
"Waki, Yari, Nagiwame",152,117952401,959374
"Waki, Yari, Nagiwame",153,118911775,961523
"Waki, Yari, Nagiwame",154,119873298,963710
"Waki, Yari, Nagiwame",155,120837008,965934
"Waki, Yari, Nagiwame",156,121802942,968197
"Waki, Yari, Nagiwame",157,122771139,970498
"Waki, Yari, Nagiwame",158,123741637,972837
"Waki, Yari, Nagiwame",159,124714474,975214
"Waki, Yari, Nagiwame",160,125689688,977628
"Waki, Yari, Nagiwame",161,126667316,980081
"Waki, Yari, Nagiwame",162,127647397,982572
"Waki, Yari, Nagiwame",163,128629969,985101
"Waki, Yari, Nagiwame",164,129615070,987668
"Waki, Yari, Nagiwame",165,130602738,990273
"Waki, Yari, Nagiwame",166,131593011,992915
"Waki, Yari, Nagiwame",167,132585926,995596
"Waki, Yari, Nagiwame",168,133581522,998315
"Waki, Yari, Nagiwame",169,134579837,1001072
"Waki, Yari, Nagiwame",170,135580909,1003867
"Waki, Yari, Nagiwame",171,136584776,1006699
"Waki, Yari, Nagiwame",172,137591475,1009570
"Waki, Yari, Nagiwame",173,138601045,1012479
"Waki, Yari, Nagiwame",174,139613524,1015426
"Waki, Yari, Nagiwame",175,140628950,1018411
"Waki, Yari, Nagiwame",176,141647361,1021433
"Waki, Yari, Nagiwame",177,142668794,1024494
"Waki, Yari, Nagiwame",178,143693288,1027593
"Waki, Yari, Nagiwame",179,144720881,1030730
"Waki, Yari, Nagiwame",180,145751611,1033905
"Waki, Yari, Nagiwame",181,146785516,1037117
"Waki, Yari, Nagiwame",182,147822633,1040368
"Waki, Yari, Nagiwame",183,148863001,1043657
"Waki, Yari, Nagiwame",184,149906658,1046984
"Waki, Yari, Nagiwame",185,150953642,1050349
"Waki, Yari, Nagiwame",186,152003991,1053751
"Waki, Yari, Nagiwame",187,153057742,1057192
"Waki, Yari, Nagiwame",188,154114934,1060671
"Waki, Yari, Nagiwame",189,155175605,1064188
"Waki, Yari, Nagiwame",190,156239793,1067743
"Waki, Yari, Nagiwame",191,157307536,1071336
"Waki, Yari, Nagiwame",192,158378872,1074966
"Waki, Yari, Nagiwame",193,159453838,1078635
"Waki, Yari, Nagiwame",194,160532473,1082342
"Waki, Yari, Nagiwame",195,161614815,1086087
"Waki, Yari, Nagiwame",196,162700902,1089870
"Waki, Yari, Nagiwame",197,163790772,1093690
"Waki, Yari, Nagiwame",198,164884462,1097549
"Waki, Yari, Nagiwame",199,165982011,0
R3 Uchiwame,1,0,588
R3 Uchiwame,2,588,717
R3 Uchiwame,3,1305,889
R3 Uchiwame,4,2194,1102
R3 Uchiwame,5,3296,1357
R3 Uchiwame,6,4653,1654
R3 Uchiwame,7,6307,1993
R3 Uchiwame,8,8300,2373
R3 Uchiwame,9,10673,2795
R3 Uchiwame,10,13468,3259
R3 Uchiwame,11,16727,3764
R3 Uchiwame,12,20491,4311
R3 Uchiwame,13,24802,4900
R3 Uchiwame,14,29702,5531
R3 Uchiwame,15,35233,6203
R3 Uchiwame,16,41436,6918
R3 Uchiwame,17,48354,7673
R3 Uchiwame,18,56027,8471
R3 Uchiwame,19,64498,9310
R3 Uchiwame,20,73808,10192
R3 Uchiwame,21,84000,11114
R3 Uchiwame,22,95114,12079
R3 Uchiwame,23,107193,13085
R3 Uchiwame,24,120278,14133
R3 Uchiwame,25,134411,15223
R3 Uchiwame,26,149634,16355
R3 Uchiwame,27,165989,17528
R3 Uchiwame,28,183517,18743
R3 Uchiwame,29,202260,20000
R3 Uchiwame,30,222260,84935
R3 Uchiwame,31,307195,147140
R3 Uchiwame,32,454335,206615
R3 Uchiwame,33,660950,263360
R3 Uchiwame,34,924310,317375
R3 Uchiwame,35,1241685,690728
R3 Uchiwame,36,1932413,500658
R3 Uchiwame,37,2433071,555648
R3 Uchiwame,38,2988719,607362
R3 Uchiwame,39,3596081,655800
R3 Uchiwame,40,4251881,700962
R3 Uchiwame,41,4952843,742848
R3 Uchiwame,42,5695691,781458
R3 Uchiwame,43,6477149,816792
R3 Uchiwame,44,7293941,848850
R3 Uchiwame,45,8142791,877632
R3 Uchiwame,46,9020423,903138
R3 Uchiwame,47,9923561,925368
R3 Uchiwame,48,10848929,944322
R3 Uchiwame,49,11793251,960000
R3 Uchiwame,50,12753251,962028
R3 Uchiwame,51,13715279,964688
R3 Uchiwame,52,14679967,967976
R3 Uchiwame,53,15647943,971894
R3 Uchiwame,54,16619837,976443
R3 Uchiwame,55,17596280,981620
R3 Uchiwame,56,18577900,987429
R3 Uchiwame,57,19565329,993865
R3 Uchiwame,58,20559194,1000932
R3 Uchiwame,59,21560126,1008629
R3 Uchiwame,60,22568755,1016955
R3 Uchiwame,61,23585710,1025913
R3 Uchiwame,62,24611623,1035498
R3 Uchiwame,63,25647121,1045713
R3 Uchiwame,64,26692834,1056559
R3 Uchiwame,65,27749393,1068035
R3 Uchiwame,66,28817428,1080139
R3 Uchiwame,67,29897567,1092874
R3 Uchiwame,68,30990441,1106238
R3 Uchiwame,69,32096679,1120232
R3 Uchiwame,70,33216911,1134857
R3 Uchiwame,71,34351768,1150110
R3 Uchiwame,72,35501878,1165993
R3 Uchiwame,73,36667871,1182507
R3 Uchiwame,74,37850378,1199649
R3 Uchiwame,75,39050027,1217422
R3 Uchiwame,76,40267449,1235825
R3 Uchiwame,77,41503274,1254857
R3 Uchiwame,78,42758131,1274518
R3 Uchiwame,79,44032649,1294810
R3 Uchiwame,80,45327459,1315732
R3 Uchiwame,81,46643191,1337282
R3 Uchiwame,82,47980473,1359463
R3 Uchiwame,83,49339936,1382274
R3 Uchiwame,84,50722210,1405714
R3 Uchiwame,85,52127924,1429783
R3 Uchiwame,86,53557707,1454483
R3 Uchiwame,87,55012190,1479812
R3 Uchiwame,88,56492002,1505772
R3 Uchiwame,89,57997774,1532361
R3 Uchiwame,90,59530135,1559580
R3 Uchiwame,91,61089715,1587428
R3 Uchiwame,92,62677143,1615906
R3 Uchiwame,93,64293049,1645014
R3 Uchiwame,94,65938063,1674751
R3 Uchiwame,95,67612814,1705118
R3 Uchiwame,96,69317932,1736116
R3 Uchiwame,97,71054048,1767743
R3 Uchiwame,98,72821791,1800000
R3 Uchiwame,99,74621791,1832887
R3 Uchiwame,100,76454678,900000
R3 Uchiwame,101,77354678,900173
R3 Uchiwame,102,78254851,900384
R3 Uchiwame,103,79155235,900632
R3 Uchiwame,104,80055867,900919
R3 Uchiwame,105,80956786,901244
R3 Uchiwame,106,81858030,901607
R3 Uchiwame,107,82759637,902008
R3 Uchiwame,108,83661645,902446
R3 Uchiwame,109,84564091,902923
R3 Uchiwame,110,85467014,903438
R3 Uchiwame,111,86370452,903991
R3 Uchiwame,112,87274443,904582
R3 Uchiwame,113,88179025,905211
R3 Uchiwame,114,89084236,905877
R3 Uchiwame,115,89990113,906582
R3 Uchiwame,116,90896695,907325
R3 Uchiwame,117,91804020,908106
R3 Uchiwame,118,92712126,908925
R3 Uchiwame,119,93621051,909781
R3 Uchiwame,120,94530832,910676
R3 Uchiwame,121,95441508,911609
R3 Uchiwame,122,96353117,912580
R3 Uchiwame,123,97265697,913589
R3 Uchiwame,124,98179286,914635
R3 Uchiwame,125,99093921,915720
R3 Uchiwame,126,100009641,916843
R3 Uchiwame,127,100926484,918004
R3 Uchiwame,128,101844488,919203
R3 Uchiwame,129,102763691,920439
R3 Uchiwame,130,103684130,921714
R3 Uchiwame,131,104605844,923027
R3 Uchiwame,132,105528871,924378
R3 Uchiwame,133,106453249,925767
R3 Uchiwame,134,107379016,927193
R3 Uchiwame,135,108306209,928658
R3 Uchiwame,136,109234867,930161
R3 Uchiwame,137,110165028,931702
R3 Uchiwame,138,111096730,933281
R3 Uchiwame,139,112030011,934898
R3 Uchiwame,140,112964909,936552
R3 Uchiwame,141,113901461,938245
R3 Uchiwame,142,114839706,939976
R3 Uchiwame,143,115779682,941745
R3 Uchiwame,144,116721427,943552
R3 Uchiwame,145,117664979,945396
R3 Uchiwame,146,118610375,947279
R3 Uchiwame,147,119557654,949200
R3 Uchiwame,148,120506854,951159
R3 Uchiwame,149,121458013,953156
R3 Uchiwame,150,122411169,955190
R3 Uchiwame,151,123366359,957263
R3 Uchiwame,152,124323622,959374
R3 Uchiwame,153,125282996,961523
R3 Uchiwame,154,126244519,963710
R3 Uchiwame,155,127208229,965934
R3 Uchiwame,156,128174163,968197
R3 Uchiwame,157,129142360,970498
R3 Uchiwame,158,130112858,972837
R3 Uchiwame,159,131085695,975214
R3 Uchiwame,160,132060909,977628
R3 Uchiwame,161,133038537,980081
R3 Uchiwame,162,134018618,982572
R3 Uchiwame,163,135001190,985101
R3 Uchiwame,164,135986291,987668
R3 Uchiwame,165,136973959,990273
R3 Uchiwame,166,137964232,992915
R3 Uchiwame,167,138957147,995596
R3 Uchiwame,168,139952743,998315
R3 Uchiwame,169,140951058,1001072
R3 Uchiwame,170,141952130,1003867
R3 Uchiwame,171,142955997,1006699
R3 Uchiwame,172,143962696,1009570
R3 Uchiwame,173,144972266,1012479
R3 Uchiwame,174,145984745,1015426
R3 Uchiwame,175,147000171,1018411
R3 Uchiwame,176,148018582,1021433
R3 Uchiwame,177,149040015,1024494
R3 Uchiwame,178,150064509,1027593
R3 Uchiwame,179,151092102,1030730
R3 Uchiwame,180,152122832,1033905
R3 Uchiwame,181,153156737,1037117
R3 Uchiwame,182,154193854,1040368
R3 Uchiwame,183,155234222,1043657
R3 Uchiwame,184,156277879,1046984
R3 Uchiwame,185,157324863,1050349
R3 Uchiwame,186,158375212,1053751
R3 Uchiwame,187,159428963,1057192
R3 Uchiwame,188,160486155,1060671
R3 Uchiwame,189,161546826,1064188
R3 Uchiwame,190,162611014,1067743
R3 Uchiwame,191,163678757,1071336
R3 Uchiwame,192,164750093,1074966
R3 Uchiwame,193,165825059,1078635
R3 Uchiwame,194,166903694,1082342
R3 Uchiwame,195,167986036,1086087
R3 Uchiwame,196,169072123,1089870
R3 Uchiwame,197,170161993,1093690
R3 Uchiwame,198,171255683,1097549
R3 Uchiwame,199,172353232,0
R4 Uchiwame,1,0,588
R4 Uchiwame,2,588,717
R4 Uchiwame,3,1305,889
R4 Uchiwame,4,2194,1102
R4 Uchiwame,5,3296,1357
R4 Uchiwame,6,4653,1654
R4 Uchiwame,7,6307,1993
R4 Uchiwame,8,8300,2373
R4 Uchiwame,9,10673,2795
R4 Uchiwame,10,13468,3259
R4 Uchiwame,11,16727,3764
R4 Uchiwame,12,20491,4311
R4 Uchiwame,13,24802,4900
R4 Uchiwame,14,29702,5531
R4 Uchiwame,15,35233,6203
R4 Uchiwame,16,41436,6918
R4 Uchiwame,17,48354,7673
R4 Uchiwame,18,56027,8471
R4 Uchiwame,19,64498,9310
R4 Uchiwame,20,73808,10192
R4 Uchiwame,21,84000,11114
R4 Uchiwame,22,95114,12079
R4 Uchiwame,23,107193,13085
R4 Uchiwame,24,120278,14133
R4 Uchiwame,25,134411,15223
R4 Uchiwame,26,149634,16355
R4 Uchiwame,27,165989,17528
R4 Uchiwame,28,183517,18743
R4 Uchiwame,29,202260,20000
R4 Uchiwame,30,222260,84935
R4 Uchiwame,31,307195,147140
R4 Uchiwame,32,454335,206615
R4 Uchiwame,33,660950,263360
R4 Uchiwame,34,924310,317375
R4 Uchiwame,35,1241685,851763
R4 Uchiwame,36,2093448,542380
R4 Uchiwame,37,2635828,601952
R4 Uchiwame,38,3237780,657975
R4 Uchiwame,39,3895755,710450
R4 Uchiwame,40,4606205,759376
R4 Uchiwame,41,5365581,804752
R4 Uchiwame,42,6170333,846579
R4 Uchiwame,43,7016912,884858
R4 Uchiwame,44,7901770,919588
R4 Uchiwame,45,8821358,950768
R4 Uchiwame,46,9772126,978399
R4 Uchiwame,47,10750525,1002482
R4 Uchiwame,48,11753007,1023016
R4 Uchiwame,49,12776023,1040000
R4 Uchiwame,50,13816023,1042197
R4 Uchiwame,51,14858220,1045077
R4 Uchiwame,52,15903297,1048641
R4 Uchiwame,53,16951938,1052886
R4 Uchiwame,54,18004824,1057813
R4 Uchiwame,55,19062637,1063422
R4 Uchiwame,56,20126059,1069714
R4 Uchiwame,57,21195773,1076687
R4 Uchiwame,58,22272460,1084343
R4 Uchiwame,59,23356803,1092681
R4 Uchiwame,60,24449484,1101702
R4 Uchiwame,61,25551186,1111405
R4 Uchiwame,62,26662591,1121790
R4 Uchiwame,63,27784381,1132856
R4 Uchiwame,64,28917237,1144606
R4 Uchiwame,65,30061843,1157038
R4 Uchiwame,66,31218881,1170151
R4 Uchiwame,67,32389032,1183946
R4 Uchiwame,68,33572978,1198424
R4 Uchiwame,69,34771402,1213586
R4 Uchiwame,70,35984988,1229428
R4 Uchiwame,71,37214416,1245952
R4 Uchiwame,72,38460368,1263160
R4 Uchiwame,73,39723528,1281048
R4 Uchiwame,74,41004576,1299621
R4 Uchiwame,75,42304197,1318873
R4 Uchiwame,76,43623070,1338810
R4 Uchiwame,77,44961880,1359428
R4 Uchiwame,78,46321308,1380729
R4 Uchiwame,79,47702037,1402711
R4 Uchiwame,80,49104748,1425375
R4 Uchiwame,81,50530123,1448723
R4 Uchiwame,82,51978846,1472752
R4 Uchiwame,83,53451598,1497463
R4 Uchiwame,84,54949061,1522857
R4 Uchiwame,85,56471918,1548932
R4 Uchiwame,86,58020850,1575689
R4 Uchiwame,87,59596539,1603130
R4 Uchiwame,88,61199669,1631253
R4 Uchiwame,89,62830922,1660057
R4 Uchiwame,90,64490979,1689545
R4 Uchiwame,91,66180524,1719715
R4 Uchiwame,92,67900239,1750564
R4 Uchiwame,93,69650803,1782098
R4 Uchiwame,94,71432901,1814314
R4 Uchiwame,95,73247215,1847212
R4 Uchiwame,96,75094427,1880792
R4 Uchiwame,97,76975219,1915054
R4 Uchiwame,98,78890273,1950001
R4 Uchiwame,99,80840274,1985629
R4 Uchiwame,100,82825903,900000
R4 Uchiwame,101,83725903,900173
R4 Uchiwame,102,84626076,900384
R4 Uchiwame,103,85526460,900632
R4 Uchiwame,104,86427092,900919
R4 Uchiwame,105,87328011,901244
R4 Uchiwame,106,88229255,901607
R4 Uchiwame,107,89130862,902008
R4 Uchiwame,108,90032870,902446
R4 Uchiwame,109,90935316,902923
R4 Uchiwame,110,91838239,903438
R4 Uchiwame,111,92741677,903991
R4 Uchiwame,112,93645668,904582
R4 Uchiwame,113,94550250,905211
R4 Uchiwame,114,95455461,905877
R4 Uchiwame,115,96361338,906582
R4 Uchiwame,116,97267920,907325
R4 Uchiwame,117,98175245,908106
R4 Uchiwame,118,99083351,908925
R4 Uchiwame,119,99992276,909781
R4 Uchiwame,120,100902057,910676
R4 Uchiwame,121,101812733,911609
R4 Uchiwame,122,102724342,912580
R4 Uchiwame,123,103636922,913589
R4 Uchiwame,124,104550511,914635
R4 Uchiwame,125,105465146,915720
R4 Uchiwame,126,106380866,916843
R4 Uchiwame,127,107297709,918004
R4 Uchiwame,128,108215713,919203
R4 Uchiwame,129,109134916,920439
R4 Uchiwame,130,110055355,921714
R4 Uchiwame,131,110977069,923027
R4 Uchiwame,132,111900096,924378
R4 Uchiwame,133,112824474,925767
R4 Uchiwame,134,113750241,927193
R4 Uchiwame,135,114677434,928658
R4 Uchiwame,136,115606092,930161
R4 Uchiwame,137,116536253,931702
R4 Uchiwame,138,117467955,933281
R4 Uchiwame,139,118401236,934898
R4 Uchiwame,140,119336134,936552
R4 Uchiwame,141,120272686,938245
R4 Uchiwame,142,121210931,939976
R4 Uchiwame,143,122150907,941745
R4 Uchiwame,144,123092652,943552
R4 Uchiwame,145,124036204,945396
R4 Uchiwame,146,124981600,947279
R4 Uchiwame,147,125928879,949200
R4 Uchiwame,148,126878079,951159
R4 Uchiwame,149,127829238,953156
R4 Uchiwame,150,128782394,955190
R4 Uchiwame,151,129737584,957263
R4 Uchiwame,152,130694847,959374
R4 Uchiwame,153,131654221,961523
R4 Uchiwame,154,132615744,963710
R4 Uchiwame,155,133579454,965934
R4 Uchiwame,156,134545388,968197
R4 Uchiwame,157,135513585,970498
R4 Uchiwame,158,136484083,972837
R4 Uchiwame,159,137456920,975214
R4 Uchiwame,160,138432134,977628
R4 Uchiwame,161,139409762,980081
R4 Uchiwame,162,140389843,982572
R4 Uchiwame,163,141372415,985101
R4 Uchiwame,164,142357516,987668
R4 Uchiwame,165,143345184,990273
R4 Uchiwame,166,144335457,992915
R4 Uchiwame,167,145328372,995596
R4 Uchiwame,168,146323968,998315
R4 Uchiwame,169,147322283,1001072
R4 Uchiwame,170,148323355,1003867
R4 Uchiwame,171,149327222,1006699
R4 Uchiwame,172,150333921,1009570
R4 Uchiwame,173,151343491,1012479
R4 Uchiwame,174,152355970,1015426
R4 Uchiwame,175,153371396,1018411
R4 Uchiwame,176,154389807,1021433
R4 Uchiwame,177,155411240,1024494
R4 Uchiwame,178,156435734,1027593
R4 Uchiwame,179,157463327,1030730
R4 Uchiwame,180,158494057,1033905
R4 Uchiwame,181,159527962,1037117
R4 Uchiwame,182,160565079,1040368
R4 Uchiwame,183,161605447,1043657
R4 Uchiwame,184,162649104,1046984
R4 Uchiwame,185,163696088,1050349
R4 Uchiwame,186,164746437,1053751
R4 Uchiwame,187,165800188,1057192
R4 Uchiwame,188,166857380,1060671
R4 Uchiwame,189,167918051,1064188
R4 Uchiwame,190,168982239,1067743
R4 Uchiwame,191,170049982,1071336
R4 Uchiwame,192,171121318,1074966
R4 Uchiwame,193,172196284,1078635
R4 Uchiwame,194,173274919,1082342
R4 Uchiwame,195,174357261,1086087
R4 Uchiwame,196,175443348,1089870
R4 Uchiwame,197,176533218,1093690
R4 Uchiwame,198,177626908,1097549
R4 Uchiwame,199,178724457,0
Tachiwame,1,0,588
Tachiwame,2,588,717
Tachiwame,3,1305,889
Tachiwame,4,2194,1102
Tachiwame,5,3296,1357
Tachiwame,6,4653,1654
Tachiwame,7,6307,1993
Tachiwame,8,8300,2373
Tachiwame,9,10673,2795
Tachiwame,10,13468,3259
Tachiwame,11,16727,3764
Tachiwame,12,20491,4311
Tachiwame,13,24802,4900
Tachiwame,14,29702,5531
Tachiwame,15,35233,6203
Tachiwame,16,41436,6918
Tachiwame,17,48354,7673
Tachiwame,18,56027,8471
Tachiwame,19,64498,9310
Tachiwame,20,73808,10192
Tachiwame,21,84000,11114
Tachiwame,22,95114,12079
Tachiwame,23,107193,13085
Tachiwame,24,120278,14133
Tachiwame,25,134411,15223
Tachiwame,26,149634,16355
Tachiwame,27,165989,17528
Tachiwame,28,183517,18743
Tachiwame,29,202260,20000
Tachiwame,30,222260,84935
Tachiwame,31,307195,147140
Tachiwame,32,454335,206615
Tachiwame,33,660950,263360
Tachiwame,34,924310,317375
Tachiwame,35,1241685,385340
Tachiwame,36,1627025,588423
Tachiwame,37,2215448,653052
Tachiwame,38,2868500,713832
Tachiwame,39,3582332,770761
Tachiwame,40,4353093,823840
Tachiwame,41,5176933,873068
Tachiwame,42,6050001,918446
Tachiwame,43,6968447,959975
Tachiwame,44,7928422,997652
Tachiwame,45,8926074,1031480
Tachiwame,46,9957554,1061457
Tachiwame,47,11019011,1087584
Tachiwame,48,12106595,1109860
Tachiwame,49,13216455,1128287
Tachiwame,50,14344742,1130670
Tachiwame,51,15475412,1133796
Tachiwame,52,16609208,1137661
Tachiwame,53,17746869,1142267
Tachiwame,54,18889136,1147611
Tachiwame,55,20036747,1153697
Tachiwame,56,21190444,1160524
Tachiwame,57,22350968,1168088
Tachiwame,58,23519056,1176394
Tachiwame,59,24695450,1185440
Tachiwame,60,25880890,1195227
Tachiwame,61,27076117,1205753
Tachiwame,62,28281870,1217020
Tachiwame,63,29498890,1229026
Tachiwame,64,30727916,1241772
Tachiwame,65,31969688,1255260
Tachiwame,66,33224948,1269486
Tachiwame,67,34494434,1284453
Tachiwame,68,35778887,1300160
Tachiwame,69,37079047,1316608
Tachiwame,70,38395655,1333796
Tachiwame,71,39729451,1351723
Tachiwame,72,41081174,1370390
Tachiwame,73,42451564,1389798
Tachiwame,74,43841362,1409947
Tachiwame,75,45251309,1430834
Tachiwame,76,46682143,1452463
Tachiwame,77,48134606,1474832
Tachiwame,78,49609438,1497940
Tachiwame,79,51107378,1521788
Tachiwame,80,52629166,1546378
Tachiwame,81,54175544,1571706
Tachiwame,82,55747250,1597775
Tachiwame,83,57345025,1624585
Tachiwame,84,58969610,1652133
Tachiwame,85,60621743,1680423
Tachiwame,86,62302166,1709452
Tachiwame,87,64011618,1739221
Tachiwame,88,65750839,1769732
Tachiwame,89,67520571,1800981
Tachiwame,90,69321552,1832973
Tachiwame,91,71154525,1865702
Tachiwame,92,73020227,1899172
Tachiwame,93,74919399,1933383
Tachiwame,94,76852782,1968333
Tachiwame,95,78821115,2004023
Tachiwame,96,80825138,2040454
Tachiwame,97,82865592,2077626
Tachiwame,98,84943218,2115538
Tachiwame,99,87058756,2154190
Tachiwame,100,89212946,900000
Tachiwame,101,90112946,900173
Tachiwame,102,91013119,900384
Tachiwame,103,91913503,900632
Tachiwame,104,92814135,900919
Tachiwame,105,93715054,901244
Tachiwame,106,94616298,901607
Tachiwame,107,95517905,902008
Tachiwame,108,96419913,902446
Tachiwame,109,97322359,902923
Tachiwame,110,98225282,903438
Tachiwame,111,99128720,903991
Tachiwame,112,100032711,904582
Tachiwame,113,100937293,905211
Tachiwame,114,101842504,905877
Tachiwame,115,102748381,906582
Tachiwame,116,103654963,907325
Tachiwame,117,104562288,908106
Tachiwame,118,105470394,908925
Tachiwame,119,106379319,909781
Tachiwame,120,107289100,910676
Tachiwame,121,108199776,911609
Tachiwame,122,109111385,912580
Tachiwame,123,110023965,913589
Tachiwame,124,110937554,914635
Tachiwame,125,111852189,915720
Tachiwame,126,112767909,916843
Tachiwame,127,113684752,918004
Tachiwame,128,114602756,919203
Tachiwame,129,115521959,920439
Tachiwame,130,116442398,921714
Tachiwame,131,117364112,923027
Tachiwame,132,118287139,924378
Tachiwame,133,119211517,925767
Tachiwame,134,120137284,927193
Tachiwame,135,121064477,928658
Tachiwame,136,121993135,930161
Tachiwame,137,122923296,931702
Tachiwame,138,123854998,933281
Tachiwame,139,124788279,934898
Tachiwame,140,125723177,936552
Tachiwame,141,126659729,938245
Tachiwame,142,127597974,939976
Tachiwame,143,128537950,941745
Tachiwame,144,129479695,943552
Tachiwame,145,130423247,945396
Tachiwame,146,131368643,947279
Tachiwame,147,132315922,949200
Tachiwame,148,133265122,951159
Tachiwame,149,134216281,953156
Tachiwame,150,135169437,955190
Tachiwame,151,136124627,957263
Tachiwame,152,137081890,959374
Tachiwame,153,138041264,961523
Tachiwame,154,139002787,963710
Tachiwame,155,139966497,965934
Tachiwame,156,140932431,968197
Tachiwame,157,141900628,970498
Tachiwame,158,142871126,972837
Tachiwame,159,143843963,975214
Tachiwame,160,144819177,977628
Tachiwame,161,145796805,980081
Tachiwame,162,146776886,982572
Tachiwame,163,147759458,985101
Tachiwame,164,148744559,987668
Tachiwame,165,149732227,990273
Tachiwame,166,150722500,992915
Tachiwame,167,151715415,995596
Tachiwame,168,152711011,998315
Tachiwame,169,153709326,1001072
Tachiwame,170,154710398,1003867
Tachiwame,171,155714265,1006699
Tachiwame,172,156720964,1009570
Tachiwame,173,157730534,1012479
Tachiwame,174,158743013,1015426
Tachiwame,175,159758439,1018411
Tachiwame,176,160776850,1021433
Tachiwame,177,161798283,1024494
Tachiwame,178,162822777,1027593
Tachiwame,179,163850370,1030730
Tachiwame,180,164881100,1033905
Tachiwame,181,165915005,1037117
Tachiwame,182,166952122,1040368
Tachiwame,183,167992490,1043657
Tachiwame,184,169036147,1046984
Tachiwame,185,170083131,1050349
Tachiwame,186,171133480,1053751
Tachiwame,187,172187231,1057192
Tachiwame,188,173244423,1060671
Tachiwame,189,174305094,1064188
Tachiwame,190,175369282,1067743
Tachiwame,191,176437025,1071336
Tachiwame,192,177508361,1074966
Tachiwame,193,178583327,1078635
Tachiwame,194,179661962,1082342
Tachiwame,195,180744304,1086087
Tachiwame,196,181830391,1089870
Tachiwame,197,182920261,1093690
Tachiwame,198,184013951,1097549
Tachiwame,199,185111500,0
"Ootachi, Tsurugiwame",1,0,588
"Ootachi, Tsurugiwame",2,588,717
"Ootachi, Tsurugiwame",3,1305,889
"Ootachi, Tsurugiwame",4,2194,1102
"Ootachi, Tsurugiwame",5,3296,1357
"Ootachi, Tsurugiwame",6,4653,1654
"Ootachi, Tsurugiwame",7,6307,1993
"Ootachi, Tsurugiwame",8,8300,2373
"Ootachi, Tsurugiwame",9,10673,2795
"Ootachi, Tsurugiwame",10,13468,3259
"Ootachi, Tsurugiwame",11,16727,3764
"Ootachi, Tsurugiwame",12,20491,4311
"Ootachi, Tsurugiwame",13,24802,4900
"Ootachi, Tsurugiwame",14,29702,5531
"Ootachi, Tsurugiwame",15,35233,6203
"Ootachi, Tsurugiwame",16,41436,6918
"Ootachi, Tsurugiwame",17,48354,7673
"Ootachi, Tsurugiwame",18,56027,8471
"Ootachi, Tsurugiwame",19,64498,9310
"Ootachi, Tsurugiwame",20,73808,10192
"Ootachi, Tsurugiwame",21,84000,11114
"Ootachi, Tsurugiwame",22,95114,12079
"Ootachi, Tsurugiwame",23,107193,13085
"Ootachi, Tsurugiwame",24,120278,14133
"Ootachi, Tsurugiwame",25,134411,15223
"Ootachi, Tsurugiwame",26,149634,16355
"Ootachi, Tsurugiwame",27,165989,17528
"Ootachi, Tsurugiwame",28,183517,18743
"Ootachi, Tsurugiwame",29,202260,20000
"Ootachi, Tsurugiwame",30,222260,84935
"Ootachi, Tsurugiwame",31,307195,147140
"Ootachi, Tsurugiwame",32,454335,206615
"Ootachi, Tsurugiwame",33,660950,263360
"Ootachi, Tsurugiwame",34,924310,317375
"Ootachi, Tsurugiwame",35,1241685,1173833
"Ootachi, Tsurugiwame",36,2415518,625822
"Ootachi, Tsurugiwame",37,3041340,694560
"Ootachi, Tsurugiwame",38,3735900,759203
"Ootachi, Tsurugiwame",39,4495103,819750
"Ootachi, Tsurugiwame",40,5314853,876202
"Ootachi, Tsurugiwame",41,6191055,928560
"Ootachi, Tsurugiwame",42,7119615,976823
"Ootachi, Tsurugiwame",43,8096438,1020990
"Ootachi, Tsurugiwame",44,9117428,1061062
"Ootachi, Tsurugiwame",45,10178490,1097040
"Ootachi, Tsurugiwame",46,11275530,1128923
"Ootachi, Tsurugiwame",47,12404453,1156710
"Ootachi, Tsurugiwame",48,13561163,1180402
"Ootachi, Tsurugiwame",49,14741565,1200000
"Ootachi, Tsurugiwame",50,15941565,1202535
"Ootachi, Tsurugiwame",51,17144100,1205859
"Ootachi, Tsurugiwame",52,18349959,1209971
"Ootachi, Tsurugiwame",53,19559930,1214868
"Ootachi, Tsurugiwame",54,20774798,1220553
"Ootachi, Tsurugiwame",55,21995351,1227025
"Ootachi, Tsurugiwame",56,23222376,1234286
"Ootachi, Tsurugiwame",57,24456662,1242331
"Ootachi, Tsurugiwame",58,25698993,1251165
"Ootachi, Tsurugiwame",59,26950158,1260786
"Ootachi, Tsurugiwame",60,28210944,1271195
"Ootachi, Tsurugiwame",61,29482139,1282390
"Ootachi, Tsurugiwame",62,30764529,1294373
"Ootachi, Tsurugiwame",63,32058902,1307142
"Ootachi, Tsurugiwame",64,33366044,1320699
"Ootachi, Tsurugiwame",65,34686743,1335043
"Ootachi, Tsurugiwame",66,36021786,1350174
"Ootachi, Tsurugiwame",67,37371960,1366092
"Ootachi, Tsurugiwame",68,38738052,1382798
"Ootachi, Tsurugiwame",69,40120850,1400290
"Ootachi, Tsurugiwame",70,41521140,1418571
"Ootachi, Tsurugiwame",71,42939711,1437638
"Ootachi, Tsurugiwame",72,44377349,1457491
"Ootachi, Tsurugiwame",73,45834840,1478133
"Ootachi, Tsurugiwame",74,47312973,1499562
"Ootachi, Tsurugiwame",75,48812535,1521777
"Ootachi, Tsurugiwame",76,50334312,1544781
"Ootachi, Tsurugiwame",77,51879093,1568571
"Ootachi, Tsurugiwame",78,53447664,1593149
"Ootachi, Tsurugiwame",79,55040813,1618512
"Ootachi, Tsurugiwame",80,56659325,1644664
"Ootachi, Tsurugiwame",81,58303989,1671603
"Ootachi, Tsurugiwame",82,59975592,1699329
"Ootachi, Tsurugiwame",83,61674921,1727843
"Ootachi, Tsurugiwame",84,63402764,1757142
"Ootachi, Tsurugiwame",85,65159906,1787229
"Ootachi, Tsurugiwame",86,66947135,1818103
"Ootachi, Tsurugiwame",87,68765238,1849766
"Ootachi, Tsurugiwame",88,70615004,1882215
"Ootachi, Tsurugiwame",89,72497219,1915450
"Ootachi, Tsurugiwame",90,74412669,1949475
"Ootachi, Tsurugiwame",91,76362144,1984286
"Ootachi, Tsurugiwame",92,78346430,2019882
"Ootachi, Tsurugiwame",93,80366312,2056267
"Ootachi, Tsurugiwame",94,82422579,2093439
"Ootachi, Tsurugiwame",95,84516018,2131398
"Ootachi, Tsurugiwame",96,86647416,2170145
"Ootachi, Tsurugiwame",97,88817561,2209678
"Ootachi, Tsurugiwame",98,91027239,2250000
"Ootachi, Tsurugiwame",99,93277239,2291109
"Ootachi, Tsurugiwame",100,95568348,900000
"Ootachi, Tsurugiwame",101,96468348,900173
"Ootachi, Tsurugiwame",102,97368521,900384
"Ootachi, Tsurugiwame",103,98268905,900632
"Ootachi, Tsurugiwame",104,99169537,900919
"Ootachi, Tsurugiwame",105,100070456,901244
"Ootachi, Tsurugiwame",106,100971700,901607
"Ootachi, Tsurugiwame",107,101873307,902008
"Ootachi, Tsurugiwame",108,102775315,902446
"Ootachi, Tsurugiwame",109,103677761,902923
"Ootachi, Tsurugiwame",110,104580684,903438
"Ootachi, Tsurugiwame",111,105484122,903991
"Ootachi, Tsurugiwame",112,106388113,904582
"Ootachi, Tsurugiwame",113,107292695,905211
"Ootachi, Tsurugiwame",114,108197906,905877
"Ootachi, Tsurugiwame",115,109103783,906582
"Ootachi, Tsurugiwame",116,110010365,907325
"Ootachi, Tsurugiwame",117,110917690,908106
"Ootachi, Tsurugiwame",118,111825796,908925
"Ootachi, Tsurugiwame",119,112734721,909781
"Ootachi, Tsurugiwame",120,113644502,910676
"Ootachi, Tsurugiwame",121,114555178,911609
"Ootachi, Tsurugiwame",122,115466787,912580
"Ootachi, Tsurugiwame",123,116379367,913589
"Ootachi, Tsurugiwame",124,117292956,914635
"Ootachi, Tsurugiwame",125,118207591,915720
"Ootachi, Tsurugiwame",126,119123311,916843
"Ootachi, Tsurugiwame",127,120040154,918004
"Ootachi, Tsurugiwame",128,120958158,919203
"Ootachi, Tsurugiwame",129,121877361,920439
"Ootachi, Tsurugiwame",130,122797800,921714
"Ootachi, Tsurugiwame",131,123719514,923027
"Ootachi, Tsurugiwame",132,124642541,924378
"Ootachi, Tsurugiwame",133,125566919,925767
"Ootachi, Tsurugiwame",134,126492686,927193
"Ootachi, Tsurugiwame",135,127419879,928658
"Ootachi, Tsurugiwame",136,128348537,930161
"Ootachi, Tsurugiwame",137,129278698,931702
"Ootachi, Tsurugiwame",138,130210400,933281
"Ootachi, Tsurugiwame",139,131143681,934898
"Ootachi, Tsurugiwame",140,132078579,936552
"Ootachi, Tsurugiwame",141,133015131,938245
"Ootachi, Tsurugiwame",142,133953376,939976
"Ootachi, Tsurugiwame",143,134893352,941745
"Ootachi, Tsurugiwame",144,135835097,943552
"Ootachi, Tsurugiwame",145,136778649,945396
"Ootachi, Tsurugiwame",146,137724045,947279
"Ootachi, Tsurugiwame",147,138671324,949200
"Ootachi, Tsurugiwame",148,139620524,951159
"Ootachi, Tsurugiwame",149,140571683,953156
"Ootachi, Tsurugiwame",150,141524839,955190
"Ootachi, Tsurugiwame",151,142480029,957263
"Ootachi, Tsurugiwame",152,143437292,959374
"Ootachi, Tsurugiwame",153,144396666,961523
"Ootachi, Tsurugiwame",154,145358189,963710
"Ootachi, Tsurugiwame",155,146321899,965934
"Ootachi, Tsurugiwame",156,147287833,968197
"Ootachi, Tsurugiwame",157,148256030,970498
"Ootachi, Tsurugiwame",158,149226528,972837
"Ootachi, Tsurugiwame",159,150199365,975214
"Ootachi, Tsurugiwame",160,151174579,977628
"Ootachi, Tsurugiwame",161,152152207,980081
"Ootachi, Tsurugiwame",162,153132288,982572
"Ootachi, Tsurugiwame",163,154114860,985101
"Ootachi, Tsurugiwame",164,155099961,987668
"Ootachi, Tsurugiwame",165,156087629,990273
"Ootachi, Tsurugiwame",166,157077902,992915
"Ootachi, Tsurugiwame",167,158070817,995596
"Ootachi, Tsurugiwame",168,159066413,998315
"Ootachi, Tsurugiwame",169,160064728,1001072
"Ootachi, Tsurugiwame",170,161065800,1003867
"Ootachi, Tsurugiwame",171,162069667,1006699
"Ootachi, Tsurugiwame",172,163076366,1009570
"Ootachi, Tsurugiwame",173,164085936,1012479
"Ootachi, Tsurugiwame",174,165098415,1015426
"Ootachi, Tsurugiwame",175,166113841,1018411
"Ootachi, Tsurugiwame",176,167132252,1021433
"Ootachi, Tsurugiwame",177,168153685,1024494
"Ootachi, Tsurugiwame",178,169178179,1027593
"Ootachi, Tsurugiwame",179,170205772,1030730
"Ootachi, Tsurugiwame",180,171236502,1033905
"Ootachi, Tsurugiwame",181,172270407,1037117
"Ootachi, Tsurugiwame",182,173307524,1040368
"Ootachi, Tsurugiwame",183,174347892,1043657
"Ootachi, Tsurugiwame",184,175391549,1046984
"Ootachi, Tsurugiwame",185,176438533,1050349
"Ootachi, Tsurugiwame",186,177488882,1053751
"Ootachi, Tsurugiwame",187,178542633,1057192
"Ootachi, Tsurugiwame",188,179599825,1060671
"Ootachi, Tsurugiwame",189,180660496,1064188
"Ootachi, Tsurugiwame",190,181724684,1067743
"Ootachi, Tsurugiwame",191,182792427,1071336
"Ootachi, Tsurugiwame",192,183863763,1074966
"Ootachi, Tsurugiwame",193,184938729,1078635
"Ootachi, Tsurugiwame",194,186017364,1082342
"Ootachi, Tsurugiwame",195,187099706,1086087
"Ootachi, Tsurugiwame",196,188185793,1089870
"Ootachi, Tsurugiwame",197,189275663,1093690
"Ootachi, Tsurugiwame",198,190369353,1097549
"Ootachi, Tsurugiwame",199,191466902,0